{"cameraMode":{"drawMode":0,"name":"Shaded","section":"Shading Mode"},"sceneLighting":true,"audioPlay":false,"sceneViewState":{"m_AlwaysRefresh":false,"showFog":true,"showSkybox":true,"showFlares":true,"showImageEffects":true,"showParticleSystems":true,"showVisualEffectGraphs":true,"m_FxEnabled":true},"in2DMode":false,"pivot":{"x":459.9549865722656,"y":280.3088073730469,"z":-86.35304260253906},"rotation":{"x":0.038355935364961627,"y":0.014050942845642567,"z":0.010148946195840836,"w":1.0005077123641968},"size":0.8660253882408142,"orthographic":false}