{"cameraMode":{"drawMode":0,"name":"Shaded","section":"Shading Mode"},"sceneLighting":true,"audioPlay":false,"sceneViewState":{"m_AlwaysRefresh":false,"showFog":true,"showSkybox":true,"showFlares":true,"showImageEffects":true,"showParticleSystems":true,"showVisualEffectGraphs":true,"m_FxEnabled":true},"in2DMode":false,"pivot":{"x":0.7110148668289185,"y":1.775481104850769,"z":0.6139100790023804},"rotation":{"x":-0.020473135635256769,"y":0.6917828321456909,"z":-0.019839070737361909,"w":-0.7216771841049194},"size":0.2121320366859436,"orthographic":false}