{"cameraMode":{"drawMode":0,"name":"Shaded","section":"Shading Mode"},"sceneLighting":true,"audioPlay":false,"sceneViewState":{"m_AlwaysRefresh":false,"showFog":true,"showSkybox":true,"showFlares":true,"showImageEffects":true,"showParticleSystems":true,"showVisualEffectGraphs":true,"m_FxEnabled":true},"in2DMode":false,"pivot":{"x":5.695644855499268,"y":3.006917953491211,"z":-8.97704029083252},"rotation":{"x":-0.022890621796250345,"y":0.07731560617685318,"z":0.00764771644026041,"w":0.9975749254226685},"size":0.8660253882408142,"orthographic":false}